Nome,parametro,valor
avermelha,Area,20922
avermelha,nKt,6
avermelha,Kt2,0
avermelha,Kt1,0.423543565732212
avermelha,Kt0,0.190291220899589
avermelha,Kt-1,0.13321483817336
avermelha,Kt-2,0.114607159587749
avermelha,Kt-3,0.13834321560709
avermelha,Kt-4,0
avermelha,Kt-5,0
avermelha,Kt-6,0
avermelha,Kt-7,0
avermelha,Kt-8,0
avermelha,Kt-9,0
avermelha,Kt-10,0
avermelha,Kt-11,0
avermelha,Kt-12,0
avermelha,Kt-13,0
avermelha,Kt-14,0
avermelha,Kt-15,0
avermelha,Kt-16,0
avermelha,Kt-17,0
avermelha,Kt-18,0
avermelha,Kt-19,0
avermelha,Kt-20,0
avermelha,Kt-21,0
avermelha,Kt-22,0
avermelha,Kt-23,0
avermelha,Kt-24,0
avermelha,Kt-25,0
avermelha,Kt-26,0
avermelha,Kt-27,0
avermelha,Kt-28,0
avermelha,Kt-29,0
avermelha,Kt-30,0
avermelha,Kt-31,0
avermelha,Kt-32,0
avermelha,Kt-33,0
avermelha,Kt-34,0
avermelha,Kt-35,0
avermelha,Kt-36,0
avermelha,Kt-37,0
avermelha,Kt-38,0
avermelha,Kt-39,0
avermelha,Kt-40,0
avermelha,Kt-41,0
avermelha,Kt-42,0
avermelha,Kt-43,0
avermelha,Kt-44,0
avermelha,Kt-45,0
avermelha,Kt-46,0
avermelha,Kt-47,0
avermelha,Kt-48,0
avermelha,Kt-49,0
avermelha,Kt-50,0
avermelha,Kt-51,0
avermelha,Kt-52,0
avermelha,Kt-53,0
avermelha,Kt-54,0
avermelha,Kt-55,0
avermelha,Kt-56,0
avermelha,Kt-57,0
avermelha,Kt-58,0
avermelha,Kt-59,0
avermelha,Kt-60,0
avermelha,Str,146.973005605702
avermelha,K2t,7.84959348814869
avermelha,Crec,11.512592973232
avermelha,Ai,0.5
avermelha,Capc,17.1024505583753
avermelha,K_kt,148.649306190398
avermelha,K2t2,10
avermelha,H1,200
avermelha,H,200
avermelha,K3t,10
avermelha,K1t,10
avermelha,Ecof,1.5395039500387
avermelha,Pcof,1.000001
avermelha,Ecof2,0.8
avermelha,ktMin,3
avermelha,ktMax,1
baixoig,Area,22543
baixoig,nKt,4
baixoig,Kt2,0.303301292420338
baixoig,Kt1,0.553206765831547
baixoig,Kt0,0.142822205591488
baixoig,Kt-1,0.000669736156627197
baixoig,Kt-2,0
baixoig,Kt-3,0
baixoig,Kt-4,0
baixoig,Kt-5,0
baixoig,Kt-6,0
baixoig,Kt-7,0
baixoig,Kt-8,0
baixoig,Kt-9,0
baixoig,Kt-10,0
baixoig,Kt-11,0
baixoig,Kt-12,0
baixoig,Kt-13,0
baixoig,Kt-14,0
baixoig,Kt-15,0
baixoig,Kt-16,0
baixoig,Kt-17,0
baixoig,Kt-18,0
baixoig,Kt-19,0
baixoig,Kt-20,0
baixoig,Kt-21,0
baixoig,Kt-22,0
baixoig,Kt-23,0
baixoig,Kt-24,0
baixoig,Kt-25,0
baixoig,Kt-26,0
baixoig,Kt-27,0
baixoig,Kt-28,0
baixoig,Kt-29,0
baixoig,Kt-30,0
baixoig,Kt-31,0
baixoig,Kt-32,0
baixoig,Kt-33,0
baixoig,Kt-34,0
baixoig,Kt-35,0
baixoig,Kt-36,0
baixoig,Kt-37,0
baixoig,Kt-38,0
baixoig,Kt-39,0
baixoig,Kt-40,0
baixoig,Kt-41,0
baixoig,Kt-42,0
baixoig,Kt-43,0
baixoig,Kt-44,0
baixoig,Kt-45,0
baixoig,Kt-46,0
baixoig,Kt-47,0
baixoig,Kt-48,0
baixoig,Kt-49,0
baixoig,Kt-50,0
baixoig,Kt-51,0
baixoig,Kt-52,0
baixoig,Kt-53,0
baixoig,Kt-54,0
baixoig,Kt-55,0
baixoig,Kt-56,0
baixoig,Kt-57,0
baixoig,Kt-58,0
baixoig,Kt-59,0
baixoig,Kt-60,0
baixoig,Str,121.98269048799
baixoig,K2t,2.77963293438712
baixoig,Crec,7.2344432247898
baixoig,Ai,0
baixoig,Capc,47.8574274475114
baixoig,K_kt,17.7493898020017
baixoig,K2t2,10
baixoig,H1,200
baixoig,H,200
baixoig,K3t,10
baixoig,K1t,10
baixoig,Ecof,1.13735350650139
baixoig,Pcof,1
baixoig,Ecof2,0
baixoig,ktMin,1
baixoig,ktMax,2
candonga,Area,8900
candonga,nKt,6
candonga,Kt2,0.0333082527418477
candonga,Kt1,0.32910930150988
candonga,Kt0,0.441899304717217
candonga,Kt-1,0.181019313193666
candonga,Kt-2,0.014661603394796
candonga,Kt-3,2.22444259341893e-06
candonga,Kt-4,0
candonga,Kt-5,0
candonga,Kt-6,0
candonga,Kt-7,0
candonga,Kt-8,0
candonga,Kt-9,0
candonga,Kt-10,0
candonga,Kt-11,0
candonga,Kt-12,0
candonga,Kt-13,0
candonga,Kt-14,0
candonga,Kt-15,0
candonga,Kt-16,0
candonga,Kt-17,0
candonga,Kt-18,0
candonga,Kt-19,0
candonga,Kt-20,0
candonga,Kt-21,0
candonga,Kt-22,0
candonga,Kt-23,0
candonga,Kt-24,0
candonga,Kt-25,0
candonga,Kt-26,0
candonga,Kt-27,0
candonga,Kt-28,0
candonga,Kt-29,0
candonga,Kt-30,0
candonga,Kt-31,0
candonga,Kt-32,0
candonga,Kt-33,0
candonga,Kt-34,0
candonga,Kt-35,0
candonga,Kt-36,0
candonga,Kt-37,0
candonga,Kt-38,0
candonga,Kt-39,0
candonga,Kt-40,0
candonga,Kt-41,0
candonga,Kt-42,0
candonga,Kt-43,0
candonga,Kt-44,0
candonga,Kt-45,0
candonga,Kt-46,0
candonga,Kt-47,0
candonga,Kt-48,0
candonga,Kt-49,0
candonga,Kt-50,0
candonga,Kt-51,0
candonga,Kt-52,0
candonga,Kt-53,0
candonga,Kt-54,0
candonga,Kt-55,0
candonga,Kt-56,0
candonga,Kt-57,0
candonga,Kt-58,0
candonga,Kt-59,0
candonga,Kt-60,0
candonga,Str,90.2440879352626
candonga,K2t,2.21926291012167
candonga,Crec,99.9997706677751
candonga,Ai,0
candonga,Capc,32.587538041283
candonga,K_kt,150.147770848606
candonga,K2t2,10
candonga,H1,200
candonga,H,200
candonga,K3t,10
candonga,K1t,10
candonga,Ecof,1.06230821634269
candonga,Pcof,0.783593539788383
candonga,Ecof2,0
candonga,ktMin,3
candonga,ktMax,2
capivara,Area,28039
capivara,nKt,6
capivara,Kt2,0.0629566829174268
capivara,Kt1,0.237468761611122
capivara,Kt0,0.329370229104652
capivara,Kt-1,0.262904737600379
capivara,Kt-2,0.104234908139035
capivara,Kt-3,0.00306468062738606
capivara,Kt-4,0
capivara,Kt-5,0
capivara,Kt-6,0
capivara,Kt-7,0
capivara,Kt-8,0
capivara,Kt-9,0
capivara,Kt-10,0
capivara,Kt-11,0
capivara,Kt-12,0
capivara,Kt-13,0
capivara,Kt-14,0
capivara,Kt-15,0
capivara,Kt-16,0
capivara,Kt-17,0
capivara,Kt-18,0
capivara,Kt-19,0
capivara,Kt-20,0
capivara,Kt-21,0
capivara,Kt-22,0
capivara,Kt-23,0
capivara,Kt-24,0
capivara,Kt-25,0
capivara,Kt-26,0
capivara,Kt-27,0
capivara,Kt-28,0
capivara,Kt-29,0
capivara,Kt-30,0
capivara,Kt-31,0
capivara,Kt-32,0
capivara,Kt-33,0
capivara,Kt-34,0
capivara,Kt-35,0
capivara,Kt-36,0
capivara,Kt-37,0
capivara,Kt-38,0
capivara,Kt-39,0
capivara,Kt-40,0
capivara,Kt-41,0
capivara,Kt-42,0
capivara,Kt-43,0
capivara,Kt-44,0
capivara,Kt-45,0
capivara,Kt-46,0
capivara,Kt-47,0
capivara,Kt-48,0
capivara,Kt-49,0
capivara,Kt-50,0
capivara,Kt-51,0
capivara,Kt-52,0
capivara,Kt-53,0
capivara,Kt-54,0
capivara,Kt-55,0
capivara,Kt-56,0
capivara,Kt-57,0
capivara,Kt-58,0
capivara,Kt-59,0
capivara,Kt-60,0
capivara,Str,101.969256934613
capivara,K2t,2.18467120931642
capivara,Crec,14.3557247568124
capivara,Ai,0
capivara,Capc,49.698375412409
capivara,K_kt,103.851875733644
capivara,K2t2,10
capivara,H1,200
capivara,H,200
capivara,K3t,10
capivara,K1t,10
capivara,Ecof,0.700910342168101
capivara,Pcof,0.665110703746485
capivara,Ecof2,0
capivara,ktMin,3
capivara,ktMax,2
colider,Area,41508
colider,nKt,14
colider,Kt2,0
colider,Kt1,0.252948897013062
colider,Kt0,0.210866230682299
colider,Kt-1,0.166472337281759
colider,Kt-2,0.126218264693152
colider,Kt-3,0.0918006771635054
colider,Kt-4,0.0636079845050948
colider,Kt-5,0.041475622938694
colider,Kt-6,0.0249454753124055
colider,Kt-7,0.0133778634284998
colider,Kt-8,0.00600665593140211
colider,Kt-9,0.00196772913442065
colider,Kt-10,0.000311662855019255
colider,Kt-11,5.99060685884976e-07
colider,Kt-12,0
colider,Kt-13,0
colider,Kt-14,0
colider,Kt-15,0
colider,Kt-16,0
colider,Kt-17,0
colider,Kt-18,0
colider,Kt-19,0
colider,Kt-20,0
colider,Kt-21,0
colider,Kt-22,0
colider,Kt-23,0
colider,Kt-24,0
colider,Kt-25,0
colider,Kt-26,0
colider,Kt-27,0
colider,Kt-28,0
colider,Kt-29,0
colider,Kt-30,0
colider,Kt-31,0
colider,Kt-32,0
colider,Kt-33,0
colider,Kt-34,0
colider,Kt-35,0
colider,Kt-36,0
colider,Kt-37,0
colider,Kt-38,0
colider,Kt-39,0
colider,Kt-40,0
colider,Kt-41,0
colider,Kt-42,0
colider,Kt-43,0
colider,Kt-44,0
colider,Kt-45,0
colider,Kt-46,0
colider,Kt-47,0
colider,Kt-48,0
colider,Kt-49,0
colider,Kt-50,0
colider,Kt-51,0
colider,Kt-52,0
colider,Kt-53,0
colider,Kt-54,0
colider,Kt-55,0
colider,Kt-56,0
colider,Kt-57,0
colider,Kt-58,0
colider,Kt-59,0
colider,Kt-60,0
colider,Str,52.7952821185182
colider,K2t,43.1126287571796
colider,Crec,14.7721509451375
colider,Ai,0.0121379214438525
colider,Capc,29.5542259870285
colider,K_kt,502.042263305966
colider,K2t2,10
colider,H1,200
colider,H,116.896439526492
colider,K3t,23.770050451866
colider,K1t,1.86334033657584
colider,Ecof,1.09677733753311
colider,Pcof,1
colider,Ecof2,0.289825320510162
colider,ktMin,11
colider,ktMax,1
dfranc,Area,5087
dfranc,nKt,6
dfranc,Kt2,0.14916578429395
dfranc,Kt1,0.629783686017453
dfranc,Kt0,0.210097316787985
dfranc,Kt-1,0.0109245417715612
dfranc,Kt-2,2.86711287612241e-05
dfranc,Kt-3,2.88947680363806e-13
dfranc,Kt-4,0
dfranc,Kt-5,0
dfranc,Kt-6,0
dfranc,Kt-7,0
dfranc,Kt-8,0
dfranc,Kt-9,0
dfranc,Kt-10,0
dfranc,Kt-11,0
dfranc,Kt-12,0
dfranc,Kt-13,0
dfranc,Kt-14,0
dfranc,Kt-15,0
dfranc,Kt-16,0
dfranc,Kt-17,0
dfranc,Kt-18,0
dfranc,Kt-19,0
dfranc,Kt-20,0
dfranc,Kt-21,0
dfranc,Kt-22,0
dfranc,Kt-23,0
dfranc,Kt-24,0
dfranc,Kt-25,0
dfranc,Kt-26,0
dfranc,Kt-27,0
dfranc,Kt-28,0
dfranc,Kt-29,0
dfranc,Kt-30,0
dfranc,Kt-31,0
dfranc,Kt-32,0
dfranc,Kt-33,0
dfranc,Kt-34,0
dfranc,Kt-35,0
dfranc,Kt-36,0
dfranc,Kt-37,0
dfranc,Kt-38,0
dfranc,Kt-39,0
dfranc,Kt-40,0
dfranc,Kt-41,0
dfranc,Kt-42,0
dfranc,Kt-43,0
dfranc,Kt-44,0
dfranc,Kt-45,0
dfranc,Kt-46,0
dfranc,Kt-47,0
dfranc,Kt-48,0
dfranc,Kt-49,0
dfranc,Kt-50,0
dfranc,Kt-51,0
dfranc,Kt-52,0
dfranc,Kt-53,0
dfranc,Kt-54,0
dfranc,Kt-55,0
dfranc,Kt-56,0
dfranc,Kt-57,0
dfranc,Kt-58,0
dfranc,Kt-59,0
dfranc,Kt-60,0
dfranc,Str,198.348105052925
dfranc,K2t,1.63153972232238
dfranc,Crec,0.808119916904342
dfranc,Ai,2.11468688206203
dfranc,Capc,20.8963375928198
dfranc,K_kt,29.512219799537
dfranc,K2t2,10
dfranc,H1,200
dfranc,H,200
dfranc,K3t,10
dfranc,K1t,10
dfranc,Ecof,1.34804320071164
dfranc,Pcof,1
dfranc,Ecof2,0
dfranc,ktMin,3
dfranc,ktMax,2
irape,Area,15880
irape,nKt,6
irape,Kt2,0.251335907193113
irape,Kt1,0.215084968422582
irape,Kt0,0.186550222491652
irape,Kt-1,0.157761378169838
irape,Kt-2,0.123494902083865
irape,Kt-3,0.065772621638951
irape,Kt-4,0
irape,Kt-5,0
irape,Kt-6,0
irape,Kt-7,0
irape,Kt-8,0
irape,Kt-9,0
irape,Kt-10,0
irape,Kt-11,0
irape,Kt-12,0
irape,Kt-13,0
irape,Kt-14,0
irape,Kt-15,0
irape,Kt-16,0
irape,Kt-17,0
irape,Kt-18,0
irape,Kt-19,0
irape,Kt-20,0
irape,Kt-21,0
irape,Kt-22,0
irape,Kt-23,0
irape,Kt-24,0
irape,Kt-25,0
irape,Kt-26,0
irape,Kt-27,0
irape,Kt-28,0
irape,Kt-29,0
irape,Kt-30,0
irape,Kt-31,0
irape,Kt-32,0
irape,Kt-33,0
irape,Kt-34,0
irape,Kt-35,0
irape,Kt-36,0
irape,Kt-37,0
irape,Kt-38,0
irape,Kt-39,0
irape,Kt-40,0
irape,Kt-41,0
irape,Kt-42,0
irape,Kt-43,0
irape,Kt-44,0
irape,Kt-45,0
irape,Kt-46,0
irape,Kt-47,0
irape,Kt-48,0
irape,Kt-49,0
irape,Kt-50,0
irape,Kt-51,0
irape,Kt-52,0
irape,Kt-53,0
irape,Kt-54,0
irape,Kt-55,0
irape,Kt-56,0
irape,Kt-57,0
irape,Kt-58,0
irape,Kt-59,0
irape,Kt-60,0
irape,Str,94.6213863026372
irape,K2t,3.58668976559748
irape,Crec,1.46991722014745
irape,Ai,1.11710683151376
irape,Capc,12.7678270639928
irape,K_kt,82.0389609991792
irape,K2t2,10
irape,H1,200
irape,H,3.69907485416393
irape,K3t,522.908049747851
irape,K1t,2.10094653730139
irape,Ecof,1.23056493669621
irape,Pcof,1
irape,Ecof2,0.610770620713638
irape,ktMin,3
irape,ktMax,2
ita,Area,12185
ita,nKt,6
ita,Kt2,0.0379090773301122
ita,Kt1,0.433570652648058
ita,Kt0,0.433140861417235
ita,Kt-1,0.0931731521031413
ita,Kt-2,0.00220624838526872
ita,Kt-3,8.11618513142203e-09
ita,Kt-4,0
ita,Kt-5,0
ita,Kt-6,0
ita,Kt-7,0
ita,Kt-8,0
ita,Kt-9,0
ita,Kt-10,0
ita,Kt-11,0
ita,Kt-12,0
ita,Kt-13,0
ita,Kt-14,0
ita,Kt-15,0
ita,Kt-16,0
ita,Kt-17,0
ita,Kt-18,0
ita,Kt-19,0
ita,Kt-20,0
ita,Kt-21,0
ita,Kt-22,0
ita,Kt-23,0
ita,Kt-24,0
ita,Kt-25,0
ita,Kt-26,0
ita,Kt-27,0
ita,Kt-28,0
ita,Kt-29,0
ita,Kt-30,0
ita,Kt-31,0
ita,Kt-32,0
ita,Kt-33,0
ita,Kt-34,0
ita,Kt-35,0
ita,Kt-36,0
ita,Kt-37,0
ita,Kt-38,0
ita,Kt-39,0
ita,Kt-40,0
ita,Kt-41,0
ita,Kt-42,0
ita,Kt-43,0
ita,Kt-44,0
ita,Kt-45,0
ita,Kt-46,0
ita,Kt-47,0
ita,Kt-48,0
ita,Kt-49,0
ita,Kt-50,0
ita,Kt-51,0
ita,Kt-52,0
ita,Kt-53,0
ita,Kt-54,0
ita,Kt-55,0
ita,Kt-56,0
ita,Kt-57,0
ita,Kt-58,0
ita,Kt-59,0
ita,Kt-60,0
ita,Str,208.331410160242
ita,K2t,3.07363728674392
ita,Crec,0.530714895647522
ita,Ai,0.961965971002872
ita,Capc,32.9774614617531
ita,K_kt,14.9758735409127
ita,K2t2,1.49477774264172
ita,H1,20.7142857446213
ita,H,200
ita,K3t,10
ita,K1t,10
ita,Ecof,1.01274657931731
ita,Pcof,0.91436867106368
ita,Ecof2,0
ita,ktMin,3
ita,ktMax,2
manso,Area,9347
manso,nKt,3
manso,Kt2,0.722299260992772
manso,Kt1,0.23581015614338
manso,Kt0,0.0390938906574207
manso,Kt-1,0.00276250133917808
manso,Kt-2,3.41907117291302e-05
manso,Kt-3,1.55520136977173e-10
manso,Kt-4,0
manso,Kt-5,0
manso,Kt-6,0
manso,Kt-7,0
manso,Kt-8,0
manso,Kt-9,0
manso,Kt-10,0
manso,Kt-11,0
manso,Kt-12,0
manso,Kt-13,0
manso,Kt-14,0
manso,Kt-15,0
manso,Kt-16,0
manso,Kt-17,0
manso,Kt-18,0
manso,Kt-19,0
manso,Kt-20,0
manso,Kt-21,0
manso,Kt-22,0
manso,Kt-23,0
manso,Kt-24,0
manso,Kt-25,0
manso,Kt-26,0
manso,Kt-27,0
manso,Kt-28,0
manso,Kt-29,0
manso,Kt-30,0
manso,Kt-31,0
manso,Kt-32,0
manso,Kt-33,0
manso,Kt-34,0
manso,Kt-35,0
manso,Kt-36,0
manso,Kt-37,0
manso,Kt-38,0
manso,Kt-39,0
manso,Kt-40,0
manso,Kt-41,0
manso,Kt-42,0
manso,Kt-43,0
manso,Kt-44,0
manso,Kt-45,0
manso,Kt-46,0
manso,Kt-47,0
manso,Kt-48,0
manso,Kt-49,0
manso,Kt-50,0
manso,Kt-51,0
manso,Kt-52,0
manso,Kt-53,0
manso,Kt-54,0
manso,Kt-55,0
manso,Kt-56,0
manso,Kt-57,0
manso,Kt-58,0
manso,Kt-59,0
manso,Kt-60,0
manso,Str,120.657735020102
manso,K2t,7.0586128010292
manso,Crec,90.0761992849694
manso,Ai,0
manso,Capc,88.8838416424074
manso,K_kt,326.0139838165
manso,K2t2,10
manso,H1,200
manso,H,200
manso,K3t,10
manso,K1t,10
manso,Ecof,0.565587384586551
manso,Pcof,0.651923433323671
manso,Ecof2,0
manso,ktMin,3
manso,ktMax,2
navanhanda,Area,17804
navanhanda,nKt,6
navanhanda,Kt2,0.429752653900922
navanhanda,Kt1,0.461844327566066
navanhanda,Kt0,0.102479226632176
navanhanda,Kt-1,0.00589222693644296
navanhanda,Kt-2,3.15649584584972e-05
navanhanda,Kt-3,5.93443601126018e-12
navanhanda,Kt-4,0
navanhanda,Kt-5,0
navanhanda,Kt-6,0
navanhanda,Kt-7,0
navanhanda,Kt-8,0
navanhanda,Kt-9,0
navanhanda,Kt-10,0
navanhanda,Kt-11,0
navanhanda,Kt-12,0
navanhanda,Kt-13,0
navanhanda,Kt-14,0
navanhanda,Kt-15,0
navanhanda,Kt-16,0
navanhanda,Kt-17,0
navanhanda,Kt-18,0
navanhanda,Kt-19,0
navanhanda,Kt-20,0
navanhanda,Kt-21,0
navanhanda,Kt-22,0
navanhanda,Kt-23,0
navanhanda,Kt-24,0
navanhanda,Kt-25,0
navanhanda,Kt-26,0
navanhanda,Kt-27,0
navanhanda,Kt-28,0
navanhanda,Kt-29,0
navanhanda,Kt-30,0
navanhanda,Kt-31,0
navanhanda,Kt-32,0
navanhanda,Kt-33,0
navanhanda,Kt-34,0
navanhanda,Kt-35,0
navanhanda,Kt-36,0
navanhanda,Kt-37,0
navanhanda,Kt-38,0
navanhanda,Kt-39,0
navanhanda,Kt-40,0
navanhanda,Kt-41,0
navanhanda,Kt-42,0
navanhanda,Kt-43,0
navanhanda,Kt-44,0
navanhanda,Kt-45,0
navanhanda,Kt-46,0
navanhanda,Kt-47,0
navanhanda,Kt-48,0
navanhanda,Kt-49,0
navanhanda,Kt-50,0
navanhanda,Kt-51,0
navanhanda,Kt-52,0
navanhanda,Kt-53,0
navanhanda,Kt-54,0
navanhanda,Kt-55,0
navanhanda,Kt-56,0
navanhanda,Kt-57,0
navanhanda,Kt-58,0
navanhanda,Kt-59,0
navanhanda,Kt-60,0
navanhanda,Str,463.137263523049
navanhanda,K2t,2.90361527770029
navanhanda,Crec,0.521402500608802
navanhanda,Ai,0.1
navanhanda,Capc,0
navanhanda,K_kt,380.109287909724
navanhanda,K2t2,4.53082160784778
navanhanda,H1,7.33802170956651
navanhanda,H,200
navanhanda,K3t,10
navanhanda,K1t,10
navanhanda,Ecof,1.68165536276417
navanhanda,Pcof,1.17021807567014
navanhanda,Ecof2,0
navanhanda,ktMin,3
navanhanda,ktMax,2
pimentalt,Area,447719
pimentalt,nKt,63
pimentalt,Kt2,0.0571719913241992
pimentalt,Kt1,0.0401961292127302
pimentalt,Kt0,0.0328319346076216
pimentalt,Kt-1,0.0284911706887445
pimentalt,Kt-2,0.0255543473099468
pimentalt,Kt-3,0.0234030169853383
pimentalt,Kt-4,0.0217431874047745
pimentalt,Kt-5,0.0204149280904717
pimentalt,Kt-6,0.0193228241272792
pimentalt,Kt-7,0.0184059779926977
pimentalt,Kt-8,0.0176234656352534
pimentalt,Kt-9,0.0169466419911718
pimentalt,Kt-10,0.0163547840303814
pimentalt,Kt-11,0.0158324854552749
pimentalt,Kt-12,0.0153680275078209
pimentalt,Kt-13,0.0149523213000671
pimentalt,Kt-14,0.0145781989896101
pimentalt,Kt-15,0.0142399255747406
pimentalt,Kt-16,0.0139328545615195
pimentalt,Kt-17,0.0136531800017721
pimentalt,Kt-18,0.013397754628574
pimentalt,Kt-19,0.0131639542904363
pimentalt,Kt-20,0.0129495754354253
pimentalt,Kt-21,0.0127527565962756
pimentalt,Kt-22,0.012571917581852
pimentalt,Kt-23,0.0124057119239604
pimentalt,Kt-24,0.012252989385947
pimentalt,Kt-25,0.0121127662122199
pimentalt,Kt-26,0.0119842014135556
pimentalt,Kt-27,0.0118665778245243
pimentalt,Kt-28,0.0117592869911031
pimentalt,Kt-29,0.0116618171851927
pimentalt,Kt-30,0.0115737440234222
pimentalt,Kt-31,0.011494723307922
pimentalt,Kt-32,0.011424485819385
pimentalt,Kt-33,0.0113628338872946
pimentalt,Kt-34,0.0113096396463441
pimentalt,Kt-35,0.0112648449685154
pimentalt,Kt-36,0.0112284631435724
pimentalt,Kt-37,0.0112005824741004
pimentalt,Kt-38,0.0111813720635774
pimentalt,Kt-39,0.0111710902192178
pimentalt,Kt-40,0.0111700960824609
pimentalt,Kt-41,0.0111788653641691
pimentalt,Kt-42,0.011198011437573
pimentalt,Kt-43,0.0112283135908038
pimentalt,Kt-44,0.0112707550614664
pimentalt,Kt-45,0.0113265747328011
pimentalt,Kt-46,0.0113973383465301
pimentalt,Kt-47,0.0114850382795016
pimentalt,Kt-48,0.0115922362505437
pimentalt,Kt-49,0.0117222725029414
pimentalt,Kt-50,0.0118795814932595
pimentalt,Kt-51,0.0120701851313574
pimentalt,Kt-52,0.0123024962452593
pimentalt,Kt-53,0.012588695712269
pimentalt,Kt-54,0.0129472473852631
pimentalt,Kt-55,0.0134078799356194
pimentalt,Kt-56,0.0140225858702001
pimentalt,Kt-57,0.0148939251553599
pimentalt,Kt-58,0.016267369366833
pimentalt,Kt-59,0.0190001383310638
pimentalt,Kt-60,0.0439419119108916
pimentalt,Str,39.0013577657101
pimentalt,K2t,22.6201887152547
pimentalt,Crec,1.56255667093986
pimentalt,Ai,0.229694679457544
pimentalt,Capc,12.2404769520014
pimentalt,K_kt,146.273031343348
pimentalt,K2t2,10
pimentalt,H1,200
pimentalt,H,25.5300063468115
pimentalt,K3t,19.9868955090224
pimentalt,K1t,5.46537338051848
pimentalt,Ecof,0.894935160475113
pimentalt,Pcof,0.751539986791091
pimentalt,Ecof2,0
pimentalt,ktMin,60
pimentalt,ktMax,2
smesa,Area,51233
smesa,nKt,6
smesa,Kt2,0.0463918251840269
smesa,Kt1,0.504809560550839
smesa,Kt0,0.407756752072731
smesa,Kt-1,0.0410353377736768
smesa,Kt-2,6.52441872657281e-06
smesa,Kt-3,0
smesa,Kt-4,0
smesa,Kt-5,0
smesa,Kt-6,0
smesa,Kt-7,0
smesa,Kt-8,0
smesa,Kt-9,0
smesa,Kt-10,0
smesa,Kt-11,0
smesa,Kt-12,0
smesa,Kt-13,0
smesa,Kt-14,0
smesa,Kt-15,0
smesa,Kt-16,0
smesa,Kt-17,0
smesa,Kt-18,0
smesa,Kt-19,0
smesa,Kt-20,0
smesa,Kt-21,0
smesa,Kt-22,0
smesa,Kt-23,0
smesa,Kt-24,0
smesa,Kt-25,0
smesa,Kt-26,0
smesa,Kt-27,0
smesa,Kt-28,0
smesa,Kt-29,0
smesa,Kt-30,0
smesa,Kt-31,0
smesa,Kt-32,0
smesa,Kt-33,0
smesa,Kt-34,0
smesa,Kt-35,0
smesa,Kt-36,0
smesa,Kt-37,0
smesa,Kt-38,0
smesa,Kt-39,0
smesa,Kt-40,0
smesa,Kt-41,0
smesa,Kt-42,0
smesa,Kt-43,0
smesa,Kt-44,0
smesa,Kt-45,0
smesa,Kt-46,0
smesa,Kt-47,0
smesa,Kt-48,0
smesa,Kt-49,0
smesa,Kt-50,0
smesa,Kt-51,0
smesa,Kt-52,0
smesa,Kt-53,0
smesa,Kt-54,0
smesa,Kt-55,0
smesa,Kt-56,0
smesa,Kt-57,0
smesa,Kt-58,0
smesa,Kt-59,0
smesa,Kt-60,0
smesa,Str,127.265182680761
smesa,K2t,6.24805577877187
smesa,Crec,16.4599331484087
smesa,Ai,0
smesa,Capc,0.404001692115846
smesa,K_kt,68.1733446315776
smesa,K2t2,2.74611776594511
smesa,H1,7.74403374591189
smesa,H,200
smesa,K3t,10
smesa,K1t,10
smesa,Ecof,2.36186507231986
smesa,Pcof,1
smesa,Ecof2,0
smesa,ktMin,2
smesa,ktMax,2
sobradinho,Area,444688
sobradinho,nKt,48
sobradinho,Kt2,1.06666041415322e-05
sobradinho,Kt1,0.000236204783200624
sobradinho,Kt0,0.0012687609460064
sobradinho,Kt-1,0.00384349762025437
sobradinho,Kt-2,0.0085037647877203
sobradinho,Kt-3,0.0153992857419691
sobradinho,Kt-4,0.0242421162904925
sobradinho,Kt-5,0.0343816711651713
sobradinho,Kt-6,0.0449454642402361
sobradinho,Kt-7,0.0549978633036612
sobradinho,Kt-8,0.0636823084970477
sobradinho,Kt-9,0.0703267340529642
sobradinho,Kt-10,0.0745043199890744
sobradinho,Kt-11,0.0760509714743364
sobradinho,Kt-12,0.0750468919064095
sobradinho,Kt-13,0.0717726405997386
sobradinho,Kt-14,0.0666507578058091
sobradinho,Kt-15,0.0601830789735571
sobradinho,Kt-16,0.0528918895539817
sobradinho,Kt-17,0.0452706379712861
sobradinho,Kt-18,0.0377474523450378
sobradinho,Kt-19,0.0306624945588695
sobradinho,Kt-20,0.024258414705646
sobradinho,Kt-21,0.0186819213473158
sobradinho,Kt-22,0.0139937611670911
sobradinho,Kt-23,0.0101841513664192
sobradinho,Kt-24,0.00719083945409519
sobradinho,Kt-25,0.00491737015725449
sobradinho,Kt-26,0.00324970789078566
sobradinho,Kt-27,0.00206999456514372
sobradinho,Kt-28,0.00126683266357252
sobradinho,Kt-29,0.000742010372747243
sobradinho,Kt-30,0.000413990252104873
sobradinho,Kt-31,0.000218748872826274
sobradinho,Kt-32,0.000108684741417777
sobradinho,Kt-33,5.03233473260216e-05
sobradinho,Kt-34,2.14690326986038e-05
sobradinho,Kt-35,8.3160901392059e-06
sobradinho,Kt-36,2.86857482713145e-06
sobradinho,Kt-37,8.58274189468743e-07
sobradinho,Kt-38,2.14668386007078e-07
sobradinho,Kt-39,4.25230976764875e-08
sobradinho,Kt-40,6.13579584830968e-09
sobradinho,Kt-41,5.6082731233686e-10
sobradinho,Kt-42,2.50220358275914e-11
sobradinho,Kt-43,3.05183788262301e-13
sobradinho,Kt-44,1.66179463601005e-16
sobradinho,Kt-45,1.85133727630365e-32
sobradinho,Kt-46,0
sobradinho,Kt-47,0
sobradinho,Kt-48,0
sobradinho,Kt-49,0
sobradinho,Kt-50,0
sobradinho,Kt-51,0
sobradinho,Kt-52,0
sobradinho,Kt-53,0
sobradinho,Kt-54,0
sobradinho,Kt-55,0
sobradinho,Kt-56,0
sobradinho,Kt-57,0
sobradinho,Kt-58,0
sobradinho,Kt-59,0
sobradinho,Kt-60,0
sobradinho,Str,157.157836289943
sobradinho,K2t,10.3760309077655
sobradinho,Crec,0.355941716881131
sobradinho,Ai,0.849005061245865
sobradinho,Capc,0.400976299908598
sobradinho,K_kt,417.191579319437
sobradinho,K2t2,10
sobradinho,H1,200
sobradinho,H,4.2897067000679
sobradinho,K3t,160.051808919032
sobradinho,K1t,0.59027356106974
sobradinho,Ecof,1.02479128889536
sobradinho,Pcof,1
sobradinho,Ecof2,0.509499950065999
sobradinho,ktMin,45
sobradinho,ktMax,2
ssimao2,Area,46225
ssimao2,nKt,6
ssimao2,Kt2,0
ssimao2,Kt1,0.872690854930264
ssimao2,Kt0,0.127159381297898
ssimao2,Kt-1,0.000149763771838459
ssimao2,Kt-2,0
ssimao2,Kt-3,0
ssimao2,Kt-4,0
ssimao2,Kt-5,0
ssimao2,Kt-6,0
ssimao2,Kt-7,0
ssimao2,Kt-8,0
ssimao2,Kt-9,0
ssimao2,Kt-10,0
ssimao2,Kt-11,0
ssimao2,Kt-12,0
ssimao2,Kt-13,0
ssimao2,Kt-14,0
ssimao2,Kt-15,0
ssimao2,Kt-16,0
ssimao2,Kt-17,0
ssimao2,Kt-18,0
ssimao2,Kt-19,0
ssimao2,Kt-20,0
ssimao2,Kt-21,0
ssimao2,Kt-22,0
ssimao2,Kt-23,0
ssimao2,Kt-24,0
ssimao2,Kt-25,0
ssimao2,Kt-26,0
ssimao2,Kt-27,0
ssimao2,Kt-28,0
ssimao2,Kt-29,0
ssimao2,Kt-30,0
ssimao2,Kt-31,0
ssimao2,Kt-32,0
ssimao2,Kt-33,0
ssimao2,Kt-34,0
ssimao2,Kt-35,0
ssimao2,Kt-36,0
ssimao2,Kt-37,0
ssimao2,Kt-38,0
ssimao2,Kt-39,0
ssimao2,Kt-40,0
ssimao2,Kt-41,0
ssimao2,Kt-42,0
ssimao2,Kt-43,0
ssimao2,Kt-44,0
ssimao2,Kt-45,0
ssimao2,Kt-46,0
ssimao2,Kt-47,0
ssimao2,Kt-48,0
ssimao2,Kt-49,0
ssimao2,Kt-50,0
ssimao2,Kt-51,0
ssimao2,Kt-52,0
ssimao2,Kt-53,0
ssimao2,Kt-54,0
ssimao2,Kt-55,0
ssimao2,Kt-56,0
ssimao2,Kt-57,0
ssimao2,Kt-58,0
ssimao2,Kt-59,0
ssimao2,Kt-60,0
ssimao2,Str,30.8041062801312
ssimao2,K2t,6.0930383311625
ssimao2,Crec,100
ssimao2,Ai,0.5
ssimao2,Capc,0.942580102325646
ssimao2,K_kt,128.788425419108
ssimao2,K2t2,10
ssimao2,H1,200
ssimao2,H,200
ssimao2,K3t,10
ssimao2,K1t,10
ssimao2,Ecof,0.405214938616731
ssimao2,Pcof,0.464176793785016
ssimao2,Ecof2,0.8
ssimao2,ktMin,1
ssimao2,ktMax,1
jirau2,Area,363710
jirau2,nKt,37
jirau2,Kt2,0.0108001837703311
jirau2,Kt1,0.026691852734545
jirau2,Kt0,0.0418786034338649
jirau2,Kt-1,0.0546300656246829
jirau2,Kt-2,0.0643140343440323
jirau2,Kt-3,0.0708268607669353
jirau2,Kt-4,0.0743503391602515
jirau2,Kt-5,0.0752210906434756
jirau2,Kt-6,0.0738520390173746
jirau2,Kt-7,0.0706824414572258
jirau2,Kt-8,0.0661453650837517
jirau2,Kt-9,0.0606466283982827
jirau2,Kt-10,0.0545516582703658
jirau2,Kt-11,0.0481779920344863
jirau2,Kt-12,0.0417918835453152
jirau2,Kt-13,0.035607916158673
jirau2,Kt-14,0.0297908112942715
jirau2,Kt-15,0.0244588138190889
jirau2,Kt-16,0.0196881707167586
jirau2,Kt-17,0.0155183179632488
jirau2,Kt-18,0.0119574645951686
jirau2,Kt-19,0.00898832037461384
jirau2,Kt-20,0.00657375923129628
jirau2,Kt-21,0.00466224814295416
jirau2,Kt-22,0.00319290260114796
jirau2,Kt-23,0.00210005693694554
jirau2,Kt-24,0.00131726175244164
jirau2,Kt-25,0.000780642442351937
jirau2,Kt-26,0.000431573043796828
jirau2,Kt-27,0.000218639077404425
jirau2,Kt-28,9.88822743203031e-05
jirau2,Kt-29,3.83398194165979e-05
jirau2,Kt-30,1.19118618384395e-05
jirau2,Kt-31,2.61483170110958e-06
jirau2,Kt-32,3.06709121794106e-07
jirau2,Kt-33,8.06851835320091e-09
jirau2,Kt-34,5.0568533368188e-16
jirau2,Kt-35,0
jirau2,Kt-36,0
jirau2,Kt-37,0
jirau2,Kt-38,0
jirau2,Kt-39,0
jirau2,Kt-40,0
jirau2,Kt-41,0
jirau2,Kt-42,0
jirau2,Kt-43,0
jirau2,Kt-44,0
jirau2,Kt-45,0
jirau2,Kt-46,0
jirau2,Kt-47,0
jirau2,Kt-48,0
jirau2,Kt-49,0
jirau2,Kt-50,0
jirau2,Kt-51,0
jirau2,Kt-52,0
jirau2,Kt-53,0
jirau2,Kt-54,0
jirau2,Kt-55,0
jirau2,Kt-56,0
jirau2,Kt-57,0
jirau2,Kt-58,0
jirau2,Kt-59,0
jirau2,Kt-60,0
jirau2,Str,177.820076403835
jirau2,K2t,3.98160282541619
jirau2,Crec,3.21130311968021
jirau2,Ai,0.424253466618877
jirau2,Capc,51.1387888494005
jirau2,K_kt,51.0438279025627
jirau2,K2t2,10
jirau2,H1,200
jirau2,H,13.1439451700217
jirau2,K3t,59.4677466562926
jirau2,K1t,1.67485680380599
jirau2,Ecof,1.15500006706888
jirau2,Pcof,1.23467125952855
jirau2,Ecof2,0.615444333538243
jirau2,ktMin,34
jirau2,ktMax,2
stoantjari,Area,51343
stoantjari,nKt,32
stoantjari,Kt2,0.177746722628996
stoantjari,Kt1,0.0982947894234852
stoantjari,Kt0,0.0701154261369336
stoantjari,Kt-1,0.0553580230206797
stoantjari,Kt-2,0.0461814484844547
stoantjari,Kt-3,0.0398862269182574
stoantjari,Kt-4,0.0352831536668474
stoantjari,Kt-5,0.0317633611314242
stoantjari,Kt-6,0.0289815229042531
stoantjari,Kt-7,0.0267266444079884
stoantjari,Kt-8,0.0248622946140984
stoantjari,Kt-9,0.0232962458689132
stoantjari,Kt-10,0.0219638910876635
stoantjari,Kt-11,0.0208186461863167
stoantjari,Kt-12,0.0198261276788768
stoantjari,Kt-13,0.0189604819583089
stoantjari,Kt-14,0.0182019983744484
stoantjari,Kt-15,0.0175355207464028
stoantjari,Kt-16,0.0169493763893489
stoantjari,Kt-17,0.0164346570367651
stoantjari,Kt-18,0.0159847555820508
stoantjari,Kt-19,0.0155951094924261
stoantjari,Kt-20,0.0152631408743824
stoantjari,Kt-21,0.0149884284475141
stoantjari,Kt-22,0.0147732200809986
stoantjari,Kt-23,0.0146235459475101
stoantjari,Kt-24,0.0145515610107606
stoantjari,Kt-25,0.0145807902090401
stoantjari,Kt-26,0.0147595086410833
stoantjari,Kt-27,0.0152033350404229
stoantjari,Kt-28,0.0163013003325688
stoantjari,Kt-29,0.02418874567678
stoantjari,Kt-30,0
stoantjari,Kt-31,0
stoantjari,Kt-32,0
stoantjari,Kt-33,0
stoantjari,Kt-34,0
stoantjari,Kt-35,0
stoantjari,Kt-36,0
stoantjari,Kt-37,0
stoantjari,Kt-38,0
stoantjari,Kt-39,0
stoantjari,Kt-40,0
stoantjari,Kt-41,0
stoantjari,Kt-42,0
stoantjari,Kt-43,0
stoantjari,Kt-44,0
stoantjari,Kt-45,0
stoantjari,Kt-46,0
stoantjari,Kt-47,0
stoantjari,Kt-48,0
stoantjari,Kt-49,0
stoantjari,Kt-50,0
stoantjari,Kt-51,0
stoantjari,Kt-52,0
stoantjari,Kt-53,0
stoantjari,Kt-54,0
stoantjari,Kt-55,0
stoantjari,Kt-56,0
stoantjari,Kt-57,0
stoantjari,Kt-58,0
stoantjari,Kt-59,0
stoantjari,Kt-60,0
stoantjari,Str,41.5100543813445
stoantjari,K2t,9.49527555700389
stoantjari,Crec,100
stoantjari,Ai,0
stoantjari,Capc,10.013755269163
stoantjari,K_kt,43.1516303523682
stoantjari,K2t2,10
stoantjari,H1,200
stoantjari,H,5.72042700993134
stoantjari,K3t,11.1727629858653
stoantjari,K1t,5.23296013630675
stoantjari,Ecof,1.49312835749601
stoantjari,Pcof,1.000001
stoantjari,Ecof2,0.919326492326324
stoantjari,ktMin,29
stoantjari,ktMax,2
guaj-mirim,Area,364159
guaj-mirim,nKt,41
guaj-mirim,Kt2,0.012241936607359
guaj-mirim,Kt1,0.0121085023998286
guaj-mirim,Kt0,0.0120534387882188
guaj-mirim,Kt-1,0.0120301855630367
guaj-mirim,Kt-2,0.0120245812680241
guaj-mirim,Kt-3,0.0120304372248664
guaj-mirim,Kt-4,0.0120445085267639
guaj-mirim,Kt-5,0.0120648940762724
guaj-mirim,Kt-6,0.0120903948488109
guaj-mirim,Kt-7,0.0121202151731463
guaj-mirim,Kt-8,0.0121538082909533
guaj-mirim,Kt-9,0.0121907900097
guaj-mirim,Kt-10,0.0122308874170433
guaj-mirim,Kt-11,0.0122739069306214
guaj-mirim,Kt-12,0.0123197136227629
guaj-mirim,Kt-13,0.0123682174341681
guaj-mirim,Kt-14,0.0124193637693471
guaj-mirim,Kt-15,0.0124731269803354
guaj-mirim,Kt-16,0.0125295058178899
guaj-mirim,Kt-17,0.0125885202660751
guaj-mirim,Kt-18,0.0126502093812747
guaj-mirim,Kt-19,0.0127146298857783
guaj-mirim,Kt-20,0.0127818553499726
guaj-mirim,Kt-21,0.0128519758534414
guaj-mirim,Kt-22,0.0129250980544145
guaj-mirim,Kt-23,0.0130013456254062
guaj-mirim,Kt-24,0.0130808600346041
guaj-mirim,Kt-25,0.0131638016703094
guaj-mirim,Kt-26,0.0132503513213575
guaj-mirim,Kt-27,0.013340712041399
guaj-mirim,Kt-28,0.0134351114403845
guaj-mirim,Kt-29,0.013533804463697
guaj-mirim,Kt-30,0.0136370767393134
guaj-mirim,Kt-31,0.0137452485975472
guaj-mirim,Kt-32,0.0138586798980788
guaj-mirim,Kt-33,0.0139777758374103
guaj-mirim,Kt-34,0.0141029939597104
guaj-mirim,Kt-35,0.0142348526595385
guaj-mirim,Kt-36,0.0143739415522473
guaj-mirim,Kt-37,0.0145209342056665
guaj-mirim,Kt-38,0.0146766038876515
guaj-mirim,Kt-39,0.0148418432069892
guaj-mirim,Kt-40,0.0150176888381443
guaj-mirim,Kt-41,0.0152053529664648
guaj-mirim,Kt-42,0.0154062637368103
guaj-mirim,Kt-43,0.0156221179417671
guaj-mirim,Kt-44,0.0158549506190892
guaj-mirim,Kt-45,0.0161072284308623
guaj-mirim,Kt-46,0.0163819771645151
guaj-mirim,Kt-47,0.016682959303609
guaj-mirim,Kt-48,0.0170149269656361
guaj-mirim,Kt-49,0.0173839916413028
guaj-mirim,Kt-50,0.0177981811568651
guaj-mirim,Kt-51,0.0182683088239081
guaj-mirim,Kt-52,0.0188093881458373
guaj-mirim,Kt-53,0.0194430565330205
guaj-mirim,Kt-54,0.0202020007301553
guaj-mirim,Kt-55,0.0211387238501093
guaj-mirim,Kt-56,0.0223449082431644
guaj-mirim,Kt-57,0.0240012775155311
guaj-mirim,Kt-58,0.0265404894373135
guaj-mirim,Kt-59,0.0314762680298214
guaj-mirim,Kt-60,0.076243299244657
guaj-mirim,Str,355.735114412449
guaj-mirim,K2t,0.209113388348939
guaj-mirim,Crec,15.8316159649825
guaj-mirim,Ai,0
guaj-mirim,Capc,71.8199264649574
guaj-mirim,K_kt,26.3089185565939
guaj-mirim,K2t2,10
guaj-mirim,H1,200
guaj-mirim,H,0.167515948080658
guaj-mirim,K3t,2
guaj-mirim,K1t,0
guaj-mirim,Ecof,0.489798590235495
guaj-mirim,Pcof,0.840385386121961
guaj-mirim,Ecof2,1
guaj-mirim,ktMin,60
guaj-mirim,ktMax,2